heading;heading_url;language_iso;language_name;domain_content;subdomain_content;definition_content;definition_url;context_content;context_url;note_content;note_url;phonetic_content
Protection subsidiaire;;FRA;Français;Juridique;Droit des étrangers;Les personnes qui, d'après les instances belges chargées de l'asile, ne répondent pas à la définition de réfugiés peuvent néanmoins avoir droit à la protection subsidiaire s'il e1xiste un risque réel qu'elles subissent un préjudice grave en cas de retour dans leur pays d'origine.;http://www.medimmigrant.be/?idbericht=194&idmenu=2&lang=fr;Comme de nombreuses personnes originaires de Badgad ont fait récemment de demandes d'asiles en Belgique, la CGRA souhaite examiner les éléments crédibles indiquant un risque réel en cas de retour avant de pouvoir accorder le statut de réfugié ou de protection subsidiaire.;http://www.cgra.be/fr/actualite/cgra-politique-irak-levee-du-gel-des-decisions-bagdad;;;
Protection subsidiaire;https://youtu.be/zMlqMuyPgRI;SFB;Langue des signes francophone de Belgique;Juridique;Droit des étrangers;Les personnes qui, d'après les instances belges chargées de l'asile, ne répondent pas à la définition de réfugiés peuvent néanmoins avoir droit à la protection subsidiaire s'il e1xiste un risque réel qu'elles subissent un préjudice grave en cas de retour dans leur pays d'origine.;https://youtu.be/h60SS01OAa0;Comme de nombreuses personnes originaires de Badgad ont fait récemment de demandes d'asiles en Belgique, la CGRA souhaite examiner les éléments crédibles indiquant un risque réel en cas de retour avant de pouvoir accorder le statut de réfugié ou de protection subsidiaire.;https://youtu.be/_3CXG8hjmOw;;;
Espace Schengen;;FRA;Français;Juridique;Droit européen;Espace de circulation des personnes ressortissant de l'Union Européenne ou d'un pays tiers, entre les Etats signataires de l'accord de Schengen permettant de circuler librement à l'intérieur des pays membres.;http://dictionnaire-juridique.jurimodel.com/Espace%20Schengen.html;La Bulgarie (2007), la Roumanie (2007), la Croatie (2011) et Chypre (2004) ont signé l'accord mais ne sont pas membres à part entière de l'espace Schengen : le Conseil de l'Union européenne pourra décider de la suspension des contrôles aux frontières dès lors que les conditions seront remplies.;http://www.lemonde.fr/europeennes-2014/article/2014/05/20/l-espace-schengen-en-5-questions_4421472_4350146.html;;;
Espace Schengen;https://youtu.be/aCf-6mhI08Q;SFB;Langue des signes francophone de Belgique;Juridique;Droit européen;Espace de circulation des personnes ressortissant de l'Union Européenne ou d'un pays tiers, entre les Etats signataires de l'accord de Schengen permettant de circuler librement à l'intérieur des pays membres.;https://youtu.be/I3BUIgqu62k;La Bulgarie (2007), la Roumanie (2007), la Croatie (2011) et Chypre (2004) ont signé l'accord mais ne sont pas membres à part entière de l'espace Schengen : le Conseil de l'Union européenne pourra décider de la suspension des contrôles aux frontières dès lors que les conditions seront remplies.;https://youtu.be/cdX7lPUdJOI ;;;
Jurisprudence;;FRA;Français;Juridique;Droit général;L'ensemble des arrêts et des jugements qu'ont rendu les Cours et les Tribunaux pour la solution d'une situation juridique donnée.;https://www.dictionnaire-juridique.com/definition/jurisprudence.php;Le Tribunal du travail de Bruxelles confirme sa jurisprudence selon laquelle l’aide sociale doit être octroyée à une personne en séjour illégal parent d’un enfant en séjour légal ou belge.;https://www.quartierdeslibertes.be/jurisprudences/;;;
Jurisprudence; https://youtu.be/DAUDwsrOjD4;SFB;Langue des signes francophone de Belgique;Juridique;Droit général;L'ensemble des arrêts et des jugements qu'ont rendu les Cours et les Tribunaux pour la solution d'une situation juridique donnée.;https://youtu.be/zNDkXV6VbpM;Le Tribunal du travail de Bruxelles confirme sa jurisprudence selon laquelle l’aide sociale doit être octroyée à une personne en séjour illégal parent d’un enfant en séjour légal ou belge.; https://youtu.be/svNnY3m5sew ;;;
Aide à l'immigration clandestine;;FRA;Français;Juridique;Droit des étrangers;Quiconque qui aide sciemment, dans un but lucratif ou non, une personne non ressortissante d'un Etat membre à pénétrer ou à séjourner ou à transiter sur le territoire d'un état membre en violation de la législation de cet Etat relative à l'entrée ou au transit ou au séjour des étrangers.;http://www.myria.be/files/leg_hum_ue_021128db.pdf;Le militant Cédric Herrou a été condamné pour aide à l’immigration clandestine en février à une peine d’amende avec sursis car il a transporté des migrants, majoritairement des soudanais et erythréens depuis l’Italie vers la France.;http://www.ouest-france.fr/societe/justice/aide-l-immigration-clandestine-le-militant-cedric-herrou-juge-en-appel-5074841;;;
Aide à l'immigration clandestine; https://youtu.be/6mjFI1BVCZI;SFB;Langue des signes francophone de Belgique;Juridique;Droit des étrangers;Quiconque qui aide sciemment, dans un but lucratif ou non, une personne non ressortissante d'un Etat membre à pénétrer ou à séjourner ou à transiter sur le territoire d'un état membre en violation de la législation de cet Etat relative à l'entrée ou au transit ou au séjour des étrangers.;https://youtu.be/YDkbV2mmddE;Le militant Cédric Herrou a été condamné pour aide à l’immigration clandestine en février à une peine d’amende avec sursis car il a transporté des migrants, majoritairement des soudanais et erythréens depuis l’Italie vers la France.; https://youtu.be/lzw3TBxFOnw;;;
Plaidoirie ;;FRA;Français;Juridique;Droit de la procédure civile et de la procédure pénale;Exposé oral, lors d'une audience au tribunal, de faits et d'arguments pour défendre une personne.;http://www.questions-justice.be/plaidoirie;Me Mayence, avocat de l'accusé, Bernard Wesphael, a fini sa plaidoirie en dressant le portrait de Bernard Wesphael et Véronique Pirotton et en démontant les arguments de l'avocat général.;http://plus.lesoir.be/62497/article/2016-10-05/lavocat-de-wesphael-conclut-cette-journee-de-proces-avec-une-plaidoirie-de-5;;;
Plaidoirie ; https://youtu.be/QRvme8xey6w;SFB;Langue des signes francophone de Belgique;Juridique;Droit de la procédure civile et de la procédure pénale;Exposé oral, lors d'une audience au tribunal, de faits et d'arguments pour défendre une personne.; https://youtu.be/K1Heurysg3g;Me Mayence, avocat de l'accusé, Bernard Wesphael, a fini sa plaidoirie en dressant le portrait de Bernard Wesphael et Véronique Pirotton et en démontant les arguments de l'avocat général.;https://youtu.be/aG-DIBP4VYE;;;
Trafic des migrants;;FRA;Français;Juridique;Droit des étrangers et droit européen en matière d'asile;Crime impliquant l'assistance à l'entrée illégale d'une personne sur le territoire d'un Etat duquel cette personne n'est ni un ressortissant ni un résident, en vue d'obtenir une contrepartie financière ou tout autre bénéfice matériel.;http://www.unodc.org/unodc/fr/human-trafficking/;"La police grecque a démantelé un réseau de trafic de migrants qui faisait passer des migrants vers le nord via ""la route dite des Balkans"", à savoir la frontière gréco-macédonienne, dont ils touchaient, en contrepartie financière, une somme variant de 4000 à 16 000 euros par personne selon le pays de destination souhaité.";https://www.rtbf.be/info/monde/detail_grece-demantelement-d-un-reseau-de-trafic-de-migrants?id=9624514;;;
Trafic des migrants;https://youtu.be/HNhsoFXpzso;SFB;Langue des signes francophone de Belgique;Juridique;Droit des étrangers et droit européen en matière d'asile;Crime impliquant l'assistance à l'entrée illégale d'une personne sur le territoire d'un Etat duquel cette personne n'est ni un ressortissant ni un résident, en vue d'obtenir une contrepartie financière ou tout autre bénéfice matériel.;https://youtu.be/0Ff6PdqmWPE;"La police grecque a démantelé un réseau de trafic de migrants qui faisait passer des migrants vers le nord via ""la route dite des Balkans"", à savoir la frontière gréco-macédonienne, dont ils touchaient, en contrepartie financière, une somme variant de 4000 à 16 000 euros par personne selon le pays de destination souhaité.";https://youtu.be/n8QW4NS4FA0;;;
La justice de paix;;FRA;Français;Juridique;Droit judiciaire;Juridiction civile compétente dans chacun des cantons judiciaires pour les conflits dont le montant n'exède pas 2500 euros et celles relatives à la vie familiale, au voisinage, au logement, parmi d'autres aspects touchant à la vie privée des citoyens.;https://www.tribunaux-rechtbanken.be/sites/default/files/public/content/le_juge_de_paix.pdf http://www.socialenergie.be/fr/recours-plaintes/recours-en-justice/etre-convoque-en-justice-de-paix/;Lorsque l'habitation louée est atteinte par l'humidité et que le propriétaire ne répond pas à la demande du locataire d'effectuer les travaux nécessaires, le locataire peut introduire une requête à la justice de paix lui demandant d'intervenir dans ce conflit entre locataire et propriétaire.;http://questions-justice.be/La-justice-de-paix;;;
La justice de paix;https://youtu.be/eunkZPR_PjU;SFB;Langue des signes francophone de Belgique;Juridique;Droit judiciaire;Juridiction civile compétente dans chacun des cantons judiciaires pour les conflits dont le montant n'exède pas 2500 euros et celles relatives à la vie familiale, au voisinage, au logement, parmi d'autres aspects touchant à la vie privée des citoyens.;https://youtu.be/juXL6tagbe8;Lorsque l'habitation louée est atteinte par l'humidité et que le propriétaire ne répond pas à la demande du locataire d'effectuer les travaux nécessaires, le locataire peut introduire une requête à la justice de paix lui demandant d'intervenir dans ce conflit entre locataire et propriétaire.;https://youtu.be/np3XaSWK9LE;;;
Légitime défense;;FRA;Français;Juridique;Droit pénal;Emploi immédiat et nécessaire de la force, enfreignant ainsi une disposition pénale sans qu'une sanction ne soit appliquée, pour repousser une agression injustifiée commencée ou imminente dirigée contre une personne et suffisamment grave.;http://www.actualitesdroitbelge.be/droit-penal/droit-penal-abreges-juridiques/la-legitime-defense-en-droit-penal/la-legitime-defense-en-droit-penal;Le 27 ocotbre 2006, trois hommes s'étaient intoduits au domicile d'un commerçant français afin de le cambrioler. Le commerçant avait réussi à retourner l'arme qui le visait, atteignant à trois reprises l'un des cambrioleurs âgé de 26 ans. La justice a prononcé un non-lieu en faveur du commerçant. La thèse de la légitime défense a été retenu.;http://www.leparisien.fr/nogent-sur-marne-94130/non-lieu-pour-le-commercant-qui-avait-tue-un-braqueur-28-05-2010-940788.php;;;
Légitime défense;https://youtu.be/uvTKKgq-V60;SFB;Langue des signes francophone de Belgique;Juridique;Droit pénal;Emploi immédiat et nécessaire de la force, enfreignant ainsi une disposition pénale sans qu'une sanction ne soit appliquée, pour repousser une agression injustifiée commencée ou imminente dirigée contre une personne et suffisamment grave.;https://youtu.be/NH6vJvgOQKE;Le 27 ocotbre 2006, trois hommes s'étaient intoduits au domicile d'un commerçant français afin de le cambrioler. Le commerçant avait réussi à retourner l'arme qui le visait, atteignant à trois reprises l'un des cambrioleurs âgé de 26 ans. La justice a prononcé un non-lieu en faveur du commerçant. La thèse de la légitime défense a été retenu.;https://youtu.be/AMojnKfRVfg;;;
Le greffier;;FRA;Français;Juridique;Droit judiciaire;Secrétaire ou auxiliaire d'un tribunal ou d'une cour accomplissant et coordonnant diverses tâches administratives et assistant le juge dans la préparation du dossier pour l'audience et la rédaction des procès-verbaux à l'audience, entres autres.;https://justice.belgium.be/fr/themes_et_dossiers/ordre_judiciaire/qui_est_qui_au_tribunal/personnel_judiciaire/greffier http://www.questions-justice.be/menu-principal/les-rouages-de-la-justice/les-metiers-de-la-justice/le-greffier/article/un-greffier-travaille-aussi-au-greffe-video;Le greffier exerce une fonction relativement méconnue du grand public et pourtant un rouage essentiel du monde judiciaire vu qu'il réalise diverses tâches essentielles, dont la plus spectaculaire lorsque, revêtu de sa toge, il assiste le juge à l'audience publique.;http://metiers.siep.be/metier/greffier-greffiere/;;;
Le greffier;https://youtu.be/8lmm7iozqoc;SFB;Langue des signes francophone de Belgique;Juridique;Droit judiciaire;Secrétaire ou auxiliaire d'un tribunal ou d'une cour accomplissant et coordonnant diverses tâches administratives et assistant le juge dans la préparation du dossier pour l'audience et la rédaction des procès-verbaux à l'audience, entres autres.; https://youtu.be/FD-veGaMUSo ;Le greffier exerce une fonction relativement méconnue du grand public et pourtant un rouage essentiel du monde judiciaire vu qu'il réalise diverses tâches essentielles, dont la plus spectaculaire lorsque, revêtu de sa toge, il assiste le juge à l'audience publique.; https://youtu.be/HQAz6l-gsdk ;;;
Commissariat général aux réfugiés et aux apatrides;;FRA;Français;Juridique;Droit des étrangers;Instance d'asile centrale belge offrant une protection aux étrangers qui craignent des persécutions, un conflit armé ou des violences dans leur pays d'origine et délivrant des documents aux réfugiés reconnus et aux apatrides reconnus.;http://www.cgra.be/fr;Les réfugiés sont ceux dont la demande d'asile a été acceptée par le Commissiariat Général aux Réfugiés et aux Apatrides (CGRA) après un examen de plusieurs mois comprenant une audition avec le candidat réfugié et une enquête approfondie.;http://www.jeunescdh.be/wp-content/uploads/2016/11/ABC-Le-parcours-des-migrants.pdf https://www.convivial.be/qui-sont-les-refugies/;;;
Commissariat général aux réfugiés et aux apatrides;https://youtu.be/8CDHntWTqfw;SFB;Langue des signes francophone de Belgique;Juridique;Droit des étrangers;Instance d'asile centrale belge offrant une protection aux étrangers qui craignent des persécutions, un conflit armé ou des violences dans leur pays d'origine et délivrant des documents aux réfugiés reconnus et aux apatrides reconnus.;https://youtu.be/N1YhEVJf2ks ;Les réfugiés sont ceux dont la demande d'asile a été acceptée par le Commissiariat Général aux Réfugiés et aux Apatrides (CGRA) après un examen de plusieurs mois comprenant une audition avec le candidat réfugié et une enquête approfondie.;https://youtu.be/rVvQRLtU5YI;;;
Saisir un bien ;;FRA;Français;Juridique;Droit pénal ;L'article 35 du Code d'instruction criminelle prévoit que peut être saisi tout ce qui pourra servir à la manifestation de la vérité;http://www.avocat-decerf.be/saisie-biens-bruxelles.php;Lors de la perquisition, la Police a saisi une quantité importante d'armes /  2.Les Officiers de Police Judiciaires ont apposés des scellés sur les contrefaçons saisies lors du contrôle effectué sur le port d'Anvers,;; Droit pénal Il convient impérativement de savoir si l'on se trouve  dans le domaine du droit pénal, la procédure et la terminologie étant  différentes   civil ;;
sequestrare ;;ITA;Italiano;Juridique;Droit pénal ; il sequestro del corpo del reato e delle altre cose ad esso collegate che vengono ritenute necessarie per l'accertamento dei fatti. Nel momento in cui non è possibile usufruire dell'intervento dell'Autorità giudiziaria è permesso agli ufficiali di Polizia sequestrare i beni prima che essi si disperdano;http://www.brocardi.it/dizionario/5830.html;1.La Polizia Giudiziaria ha sequestrato ingenti quantitativi di eroina 2. il sequestro di droga ha consentito di rinviare a giudizio diversi gruppi delinquenziali;;;;
INCULPE ;;FRA;Français;Juridique;Droit pénal ;Le Code d’instruction criminelle définit l’inculpé comme la personne à l’encontre de laquelle il existe des indices sérieux de culpabilité;http://www.justice-en-ligne.be/article707.html;1.La Chambre de Conseil a renvoyé l'inculpé devant le Tribunal Correctionnel /2.l'inculpé a interjeté appel devant la Chambre de mise en accusation;;"on peut trouver en italien le synonyme  de ""persona sottoposta alle indagine preliminari";;
indagato ;;ITA;Italiano;Juridique;Droit pénal ;Persona nei confronti della quale vengono svolte indagini preliminari in un procedimento penale;http://www.brocardi.it/dizionario/5570.html;"1.L'indagato  è stato rinviato a giudizio in Italia  per associazione a delinquere /2.
L'indagato è stato sottoposto a misure cautelari in carcere dal Giudice per le Indagini Preliminari di Roma/";;;;
PREVENU ;;FRA;Français;Juridique;Droit pénal ;Le prévenu est une personne qui fait l'objet de poursuite devant le Tribunal correctionnel pour répondre d'un délit ou d'un crime correctionnalisé;http://www.justice-en-ligne.be/article117.html;1.Le prévenu n'a pas comparu à l'audience correctionnelle /2. le Tribunal   après avoir entendu le réquisitoire du Ministère Public et la plaidoirie de la défense ,  a condamné le prévenu à la peine de 1 an de prison avec sursis,;;Ne pas confondre la notion juridique avec la notion du verbe prévenir qqn -  Attention on parle de prévention en matière pénale qui correspond à la numération des faits pour lesquels la personne poursuivie va être jugée;;
Imputato ;;ITA;Italiano;Juridique;Droit pénal ;una persona assume la qualità di imputato quando il P.M. esercita l’azione penale nei suoi confronti e quando viene fatta la richiesta di rinvio a giudizio;http://www.legalefacile.it/nuovosito/tematichelegali/dirittopenale/differenzatraindagatoeimputato.asp;1.L'imputato ha proposto ricorso per cassazione avverso la sentenza di  condanna /2. Salvo quanto disposto all'articolo 161 e 162, la notifica all'imputato non detenuto è eseguita mediante consegna di copia alla persona;;;;
Classement sans suite ;;FRA;Français;Juridique;Droit pénal ;A  la fin de son travail d'enquête, le Procureur du Roi peut décider que l'affaire ne soit pas jugée, Il procède alors à un classement sans suite, ce qui signifie qu'il n'y aura pas de procès;http://questions-justice.be/Classement-sans-suite?iframe=oui;1. Le Procureur du roi  a rendu une décision de classement sans suite / 2.l'affaire de corruption a été classée sans suite par le Parquet;;Bien que le classement ait été prononcé par le Ministère Public, celui-ci peur rouvrir l'enquêtes si de nouveaux éléments apparaissent dans le futur.;;
Archiviazione ;;ITA;Italiano;Juridique;Droit pénal ;"Quando il Pubblico Ministero ritiene che non vi siano elementi per esercitare l’azione penale, formula una richiesta di archiviazione che è sottoposta al controllo del gip 
ovvero quando il fatto non sussiste, l’imputato non lo ha commesso, il fatto non costituisce  /";http://www.tesionline.it/v2/appunto-sub.jsp?p=61&id=265 http://www.simone.it/newdiz/newdiz.php?action=view&dizionario=1&id=94;1. il Pubblico Ministero  ha chiesto l'archivazione nei confronti dell'indagato /2. Il GIP ha reso il decreto di archivazione su richiesta del Procuratore della Repubblica ;;;;
Non-lieu ;;FRA;Français;Juridique;Droit pénal ;Le non-lieu est  la décision prononcée par les juridictions d'instruction (à savoir la Chambre de conseil ou la Chambre de mise en accusation) selon les cas, et à la fin d'une instruction et qui consiste à dire que l'inculpé ne sera pas renvoyé devant une juridiction de jugement;http://www.justice-en-ligne.be/article308.html;1.La Chambre de Conseil a ordonné une ordonnance de non-lieu estimant que les charges retenues à l'encontre de l'inculpé n'étaient pas suffisantes pour son renvoi devant le Tribunal Correctionnel / 2.Le parquet a fait appel de l'ordonnance de Non-lieu devant la Chambre de mise en accusation, considérant qu'il résulte des indices graves et concordants dans les actes de procédures pour le renvoi  de l'accusé devant la Cour d'Assises,;;En Belgique Il convient de souligner que la décision de non-lieu peut être réouverte tant en Belgique qu'en Italie;http://www.actualitesdroitbelge.be/droit-penal/droit-penal-special/la-chambre-du-conseil/la-chambre-du-conseil;
non luogo a procedere ;;ITA;Italiano;Juridique;Droit pénal ;è la sentenza emessa dal giudice dell'udienza preliminare, al termine dell'udienza preliminare qualora il fatto non sussista o l'imputato non lo abbia commesso;http://www.simone.it/newdiz/newdiz.php?action=view&dizionario=1&id=1160;1.La sentenza di non luogo a procedere è ricorribile per cassazione ex art. 428 c.p.p. dal procuratore della Repubblica, dal procuratore generale della Corte d'appello e dall'imputato / 2.La sentenza di non luogo a procedere è, altresì, suscettibile di revoca. Infatti, l'art. 434 c.p.p. stabilisce che se successivamente alla sentenza predetta sopravvengono o si scoprono nuove fonti di prova;http://www.tesionline.it/v2/appunto-sub.jsp?p=64&id=869;;;
Acquitter / aquitté / acquittement ;;FRA;Français;Juridique;Droit pénal ;Un acquittement est une décision de justice, qui clôture un procès pénal, en prononçant la mise hors de cause (l’innocence) de l’accusé (devant la cour d’assises) ou du prévenu (devant le tribunal correctionnel ou le tribunal de police) pour ce qui concerne les faits qui lui étaient reprochés.;http://www.justice-en-ligne.be/article303.html;1. Le prévenu a été acquitté  par le Tribunal Correctionnel  / 2.Le Parquet a fait appel de l'acquittement  de M X prononcé devant le tribunal correctionnel ;;En droit pénal, procédure permettant de clôre un dossier pénal tant devant la Cour d'assises (accusé)  que devant le Tribunal correctionnel (prévenu);;
Prosciogliere : prosciolto proscioglimento  / Assolvere : assolto assoluzione  ;;ITA;Italiano;Juridique;Droit pénal ;E dunque, la persona che abbia beneficiato di una sentenza di proscioglimento all’esito dell’udienza preliminare versa in una situazione nella quale può ancora acquisire la qualifica di imputato, anche quando quella sentenza è divenuta inoppugnabile. Diversa è la sorte della sentenza di assoluzione emessa dal giudice del dibattimento alla fine del dibattimento.;http://www.laleggepertutti.it/84387_assoluzione-alludienza-preliminare-o-dopo-il-dibattimento;1.l'imputato è stato prosciolto dal GUP di Milano  / 2. il giudice ha pronunciato la sentenza di assoluzione;http://www.brocardi.it/codice-di-procedura-penale/libro-settimo/titolo-iii/capo-ii/sezione-i/art530.html;;;
Arrestation judiciaire ;;FRA;Français;Juridique;Droit pénal ;Privation de liberté  décidé par une autorité (Police ou Justice)  qui ne peut en règle générale excéder 24 heures;http://www.droitbelge.be/news_detail.asp?id=755;"1. La personne a  fait l'objet d'une arrestation  pendant 24 heures puis a comparu devant le Juge d'Instruction qui a décerné  un mandat d'arrêt   / 2.
la durée légale de l'arrestation est énoncée dans la loi Salduz";;L'arrestation judiciaire a une durée de 24 heures à l'issue de laquelle le Juge d'instruction décernera un mandat d'arrêt, En italien il existe 2 termes suivant que le délit ait été commis en flagrant délit ou pas.;;
Fermo di polizia / Arresto in flagranza;;ITA;Italiano;Juridique;Droit pénal ;"Sono misure precautelari disposte dal Pubblico Ministero, sono provvedimenti limitativi della libertà. L'arresto in flagranza consite in una temporeanea privazione della libertà personale  che la Polizia Giudiziaria dispone a carico di ""chi viene colto nell'atto di commettere il reato. Il fermo di polizia è una privazione di libertà che il Pubblico Ministero dispone anche fuori dei caso di flagranza.";http://www.studiocataldi.it/guide_legali/guide-procedura-penale/arresto-fermo.asp;1.L’arresto in flagranza di reato:   Deve essere convalidato dal Giudice per le indagini preliminari ovvero dal Giudice del dibattimento /2.Un minore di cittadinanza italiana e di origini marocchine è stato fermato dalla Polizia;;;;
Détention préventive ;;FRA;Français;Juridique;Droit pénal  ;La détention préventive est la mesure de privation de liberté excédant 24 heures, décidée par un juge d’instruction à l’égard d’une personne présumée innocente mais contre laquelle il existe des indices sérieux qu’elle aurait commis une infraction punie d’une peine d’emprisonnement de plus d’un an;http://www.justice-en-ligne.be/article121.html;1.La Chambre de Conseil a prolongé la détention préventive de l'inculpé évoquant un risque de fuite / 2. L'inculpé a interjeté appel  contre l'ordonnance de maintien en détention préventive devant la Chambre de mise en accusation ;;Dans les 5 jours de la délivrance du mandat d'arrêt par le  Juge d'instruction, l'inculpé comparaît  devant la Chambre de Conseil assisté de son avocat;http://www.avocat-cedric-druard.be/chambre,conseil,det;
Custodia cautelare in carcere ;;ITA;Italiano;Juridique;Droit pénal  ;La custodia cautelare in carcere è la misura coercitiva consistente nella privazione di libertà attuata all'interno di uno stabilimento carcerario.;http://www.diritto.it/docs/35288-la-custodia-cautelare-in-carcere;1.L'indagato è stato sottoposto a misura cautelare in carcere con ordinanza emessa dal Giudice per Le Indagini preliminari / 2.Il G.i.p. applica ai tre indagati la misura cautelare della custodia in carcere, avendo desunto la sussistenza dei gravi indizi di colpevolezza dalle lunghe e complesse indagini della polizia giudiziaria;http://www.percorsi.giuffre.it/psixsite/Esercitazioni/Atti/Diritto%20penale/Istanza/default.aspx?id=5961;;;
Action publique ;;FRA;Français;Juridique;Droit pénal;L'action publique sont les poursuites pénales encourues à la suite d'une infraction qui doivent avoir lieu dans un certain délai fixé légalement;http://www.actualitesdroitbelge.be/droit-penal/droit-penal-abreges-juridiques/la-prescription-de-l-action-publique/la-prescription-de-l-action-publique;1.Le juge a constaté le décès du prévenu et a rendu une décision portant sur l'extinction de l'action publique / 2.Le Ministère public a mis en mouvement l'action publique portant sur des faits de trafics de stupéfiants;https://justice.belgium.be/fr/themes_et_dossiers/jugement_penal_et_consequences/types_de_peines/que_decide_le_juge/extinction_de_l_action_publique;;;
azione penale ;;ITA;Italiano;Juridique;Droit pénal; E' la richiesta del Ministero Pubblico  rivolta al giudice affinchè l'autore di un fatto di reato venga punito in quanto responsabile;http://www.brocardi.it/dizionario/5551.html;1.l'obligatorietà dell'azione penale è imposta al Ministero Pubblico /2.Il Ministero Pubblico ha ritenuto che non vi siano elementi probanti e concordanti per esercitare l'azione penale e ha reso l'archivazione.;;l'action publique et l'azione penale est semblable dans les 2 ordres juridiques ;;
titre exécutoire ;;FRA;Français;Juridique;Droit Civil ;Un titre exécutoire est un acte juridique constatant officiellement un droit, et permettant au titulaire d'obtenir l'application de son droit (paiement d'une dette, expulsion forcée d'un locataire, etc.). Le titre exécutoire autorise l'huissier de justice à procéder à l'exécution forcée de la décision;http://www.droitsquotidiens.be/fr/lexique/titre-executoire;1.Le Huissier de justice s'est rendu au domicile du locataire pour appliquer la mesure d'explusion en vertu d'un titre exécutoire par jugement du le TPI de Bruxelles / 2. l'Administration fiscale a délivré son propre titre exécutoire, le rôle en vue de récupérer les contributions non payées de 2014, ;;;;
Titolo esecutivo  ;;ITA;Italiano;Juridique;Droit Civil ;"Il titolo esecutivo è quel documento che consente di esercitare l'azione esecutiva, della quale esso rappresenta condizione necessaria e sufficiente. 
E' condizione necessaria perchè se si è privi di tale documento non si può accedere al procedimento esecutivo.";http://www.studiocataldi.it/guide_legali/procedura-civile/Il-titolo-esecutivo.asp;1. In mancanza di titolo esecutivo l'Ufficiale Giudiziario non è riuscito a pignorare i miei beni immobiliari e mobiliari / 2. Il giudice dell’opposizione dichiarava nullo il precetto, rilevando d’ufficio la carenza di liquidità del diritto, per omessa indicazione nel titolo esecutivo del numero di giornate lavorative oggetto di calcolo degli interessi composti.;;;;
code pénal;;FRA;Français;Juridique;Droit pénal;reprend l'essentiel des textes internationaux, constitutionnels, légaux et réglementaires constitutionnels, légaux et réglementaires applicables en matière pénale;;Le droit pénal détermine les infractions et prévoit la réaction de la société envers ces infractions. Le droit pénal concerne le rapport entre la société et l'individu;;;;
Kodi penal;;ALB;Albanian;Juridique;Droit pénal;Kodi penal përfshin instrumentet kryesore ndërkombëtare, ligjet kushtetuese dhe rregulloret në fuqi në çështjet penale;;Ligji penal përcakton veprat penale dhe parashikon  reagimin e shoqërisë për këto vepra penale. Ligji penal është marrëdhënia midis shoqërisë dhe individit;;E drejta penale;;
statut de réfugié;;FRA;Français;Juridique;Droit des étrangers;personne qui est persécutée du fait de sa race, de sa religion, de sa nationalité, de son appartenance à un groupe social ou de ses opinions politiques;;Gazmend est reconnu réfugié suite à son vendetta et la crainte réelle des représailles par la famille adverse en cas de retour dans son pays d'origine. Le réfugié reconnu peut voyager partout en Europe sauf dans son pays d'origine, sinon il peut avoir des sanctions administratives.;;;;
Statusi i refugjatit;;ALB;Albanian;Juridique;Droit des étrangers;Refugjat quhet personi qe eshte i persekutuar per shkak te rraces, te fese, te kombesise, nese i perket nje grupi social te vcante ose per arsye politike;;Gazmendi ka marre statusin e refugjatit lidhur me hakmarrjen dhe friken qe ka ai nga kunderveprimi i pales se kundert ne rast kthimi ne vendin e origjines. Nje person i njohur refugjat mund te udhetoje lirshem ne Evropre, perveçse e ka te ndaluar te kthehet ne vendin e tij te origjines.Nese i shkel keto rregulla, mund te kete pasoja te renda per nga ana administrative lidhur me te drejten e qendrimit.;;E drejta e te huajve;;
code civil;;FRA;Français;Juridique;Droit Civil ;Lois et règles qui régissent le droit civil belge;;Le droit civil est une branche du droit privé qui régit les rapports entre les personnes. Le droit de la famille est le droit qui réglemente les rapports juridiques au sein de la famille et entre la famille et les autres personnes. Il concerne les règles qui encadrent le mariage et le divorce, l'adoption, la garde partagée, les pensions alimentaires etc.;;;;
Kodi civil;;ALB;Albanian;Juridique;Droit Civil ;Ligjet dhe rregullat perbejne te drejten civile belge.;;Ligjet dhe rregullat që kanë të bëjnë me të drejtën civile belge e cila ka të bëjë me marrëdhëniet ndërmjet njerëzve. Ligji lidhur me familjen është një ligj që rregullon marrëdhëniet juridike në gjirin e familjes dhe midis familjes dhe personave të tjerë Ka të bëjë me rregullat lidhur me martesën dhe divorcin, adoptimin, ruajtjen e fëmijëve nga të dyja palët pensionet ushqimore etj.;;E drejta civile;;
non lieu;;FRA;Français;Juridique;Droit pénal;décision de clôture par laquelle une juridiction d'instruction déclare qu'il n'y a pas lieu de poursuivre l'instruction contre une personne mise en examen;;Ordonnance de non-lieu = En l'absence de charges suffisantes contre l'inculpé, La Chambre du Conseil a ordonné le non lieu. Un non-lieu est une décision d'une juridiction d'instruction mettant fin à des poursuites pénales: lorsqu'elle estime que l'infraction n'est pas établie ou qu'il n'y a pas de preuves suffisantes contre l'auteur de l'infraction ou lorsque la personne mise en cause est considérée par exemple comme pénalement irresponsable lors des faits ou qu'elle bénéficie d'un fait justificatif;;;;
pezullim i ceshtjes gjate fazes se hetimit;;ALB;Albanian;Juridique;Droit pénal;vendim final gjatë se cilës gjykata ose prokuroria nuk e përndjek më cështjen gjate hetimit;;Urdhëresë për pushimin e  çështjes = Në mungesë provash të mjaftueshme ndaj të pandehurit, Gjyqi ka marrë vendimin për të mos e përndjekur më tej çështjen.  Pezullimi i çeshtjes  kryhet ne rastin kur  nuk ka ndodhur shkelje,  ne rastin e mungeses se provave ose kur personi nuk mund te ndiqet penalisht lidhur me provat, ose kur fakti e justifikon ate.;;E drejta penale;;
jurisprudence;;FRA;Français;Juridique;droit civil, pénal;ensemble des décisions de justice rendues  pendant une certaine période, soit dans une matière, soit dans une branche du Droit;;"La jurisprudence est une source du droit;La Cour d'Appel  a onfirmé sa jurisprudence antérieur. Cela fait jurisprudence en notre faveur; et la jurisprudence a force de loi, c'est un axiome.";;;;
Jurisprudenca;;ALB;Albanian;Juridique;droit civil, pénal;Shkenca ose filozofia e ligjit. Ligjet ne fushen juridike jane rregulla sjelljeje  qe jane shnderruar  ne akte normative;;"Jurisprudenca ështe  degë e drejtësisë; Gjykata e Apelit ka konfirmuar jurisprudencën e mëparshme. Ky eshte nje rast ligji ne favorin tone, jurisprudenca ka forcen e ligjit, ajo eshte nje aksiomë.";;E drejta civile dhe penale;;
le suspect;;FRA;Français;Juridique;Droit pénal;Le suspect est la personne soupçonée d'avoir commis un fait punissable et faisant l'objet d'une instruction préparatoire pénale (information ou instruction). Dans le cadre de l'instruction préparatoire, le suspect  peut être placé en détention préventive par le juge d'instruction;;Le suspect  est déclaré innocent. Le suspect devient inculpé lorsque le juge d'instruction lui fait savoir formellement que certains faits lui sont reprochés.;;;;
I dyshuari;;ALB;Albanian;Juridique;Droit pénal;Personi i dyshimte quhet personii i cili dyshohet qe te kete kryer nje fakt te denueshem duke u bere objekt i nje hetimi penal paraprak (lidhur me informacionin ose hetimin). Ne kuadrin e hetimit paraprak, personi i dyshimte mund te denohet me paraburgim me urdher te gjykatesit;;Personi i dyshimte u shpall i pafajshem. Personi i dyshimte kthehet ne te pandehur kur gjykatesi i ben te ditur zyrtarisht faktet per te cilat ai eshte marre ne hetim ne hetim.;;E drejta penale;;
Le procureur du roi;;FRA;Français;Juridique;Droit pénal;Le Procureur du Roi intervient auprès du tribunal de première instance en tant que ministère public (également appelé magistrature debout ou parquet);;Le procureur défend en général les droits de la société. Il est assisté par ses substituts. Certains substituts sont désignés premiers substituts.;;;;
Prokurori ;;ALB;Albanian;Juridique;Droit pénal;Prokurori nderhyn ne Gjykaten e shkalles se Pare;;Prokurori mbron ne pergjithesi interesat e shoqerise.Ai mund te zevendesohet nga zevendesit e tij. Disa zevendes prokurore quhen zevendes prokurore te pare.;;E drejta penale;;
citation;;FRA;Français;Juridique;"droit civil ; droit pénal";Citation est un document officiel par lequel une personne appelle une autre à comparaître devant le juge.;;A la demande de la partie demanderesse, l'huissier de justice remet à la partie adverse la citation, avec les motifs de la convocation. Le délai pour comparaître sera réglé par le juge de paix à jour fixe, mais de manière qu'il y ait toujours entre la citation notifiée et le jour indiqué pour la réunion du conseil, un intervalle de trois jours au moins.;;;;
Flete thirrje ne gjyq;;ALB;Albanian;Juridique;"droit civil ; droit pénal";Flete thirrja eshte nje dokument zyrtar me te cilin personi ne fjale duhet te paraqitet ne gjykate;;Ne baze te kerkeses se paditesit, permbaruesii i jep te paditurit flete thirrjen lidhur me arsyet e paraqitjes ne gjyq. Afati per t'u paraqitur ne gjyq ne diten e caktuar, percaktohet nga gjykatesi i paqes ne menyre te tille qe nga momenti i marrjes se vendimit dhe dites se percaktuar per mbledhjen e keshillit,  te kete nje afat te pakten prej 3 ditesh interval.;;E drejta civile dhe e drejta penale;;
juge d'instruction;;FRA;Français;Juridique;Droit pénal;Le juge d'instruction dirige l'instruction. Avec l'aide d'enquêteurs et d'experts, il s'agit pour lui de rassembler le plus possible d'informations nécessaires à la manifestation de la vérité.;;Le juge d'instruction est le seul à pouvoir délivrer un mandat d'arrêt ou un mandat de perquisition. Le juge d'instruction dispose d'une indépendance totale. Il ne lui  appartient pas de décider de la condamnation ou de l'acquittement du suspect.;;;;
Hetuesi;;ALB;Albanian;Juridique;Droit pénal;Hetuesi drejton ceshtjen. Me ndihmen e oficereve te policise gjyqesore dhe te eksperteve, atij i duhet te grumbulloje sa me shume informacione te nevojshme lidhur me te verteten.;;Hetuesi eshte i vetmi person jueridik i cili mund te leshoje mandat arresti ose mandat kontrolli banese. Hetuesi punon ne menyre te pavarur. Ai nuk mund te vendose lidhur me denimin apo lirimin et personit te dyshimte.;;E drejta penale;;
Le témoin;;FRA;Français;Juridique;droit civil et droit pénal;Le témoin est la personne appelée à témoigner  sous serment pour rapporter ce qu'elle sait, ce qu'elle a vu ou entendu concernant un évenement précis.;;Tout citoyen est tenu de participer au bon fonctionnement de la justice et dès lors d'apporter son témoignage. Le témoin doit dire toujours la vérité et  uniquement la vérité.;;;;
Deshmitari;;ALB;Albanian;Juridique;droit civil et droit pénal;Deshmitari eshte personi i thirrur per te deshmuar ate cfare di ai, ate qe ka pare ose degjuar lidhur me  nje eveniment te caktuar, deshmitari duhet te thote te verteten dhe vetem te verteten.;;Cdo qytetar mund te marre pjese  ne mbare funksionimin e drejtesise dhe te behet deshmitar i saj. Deshmitari duhet te thote  gjithmone te verteten dhe vetem te verteten.;;E drejta civile dhe e drejta penale;;
Interprète juré;;FRA;Français;Juridique;Droit;Un interprète fournit une prestation linguistique orale, en recourant à diverses formes d'interprétation (simultanée, consécutive ou chuchotage) pour transmettre un message d'une langue dans une autre. Les interprètes juridiques sont des spécialistes qui travaillent principalement avec des juristes et des avocats sur des dossiers juridiques tels que des procès, dépositions, audiences, médiations, arbitrages, réunions de clients, etc. (source : le portail e justice européen.;https://e-justice.europa.eu/content_find_a_legal_translator_or_an_interpreter-116-fr.do;On donna un interprète à l’accusé.  À l'heure actuelle, il est possible de trouver un traducteur ou interprète juridique grâce à des bases de données nationales spécialisées.;https://fr.wiktionary.org/wiki/interpr%C3%A8te https://e-justice.europa.eu/content_find_a_legal_translator_or_an_interpreter-116-fr.do;"Il existe plusieurs signes pour le terme ""interprète juré"" en fonction du niveau de langue des bénéficiaires et du contexte dans lequel il est exprimé. Littéralement, les signes peuvent être interprète justice ou interprète main droite levée ou encore interprète main droite levée et où la notion du secret professionnel est mise en avant. L'interprète reproduira le signe utilisé par le bénéficiaire afin de faciliter sa compréhension lors des échanges. Pour l'exercice, nous avons choisi le signe où la notion de secret professionnel est mise en exergue car il nous est apparu être le plus en rapport avec l'équivalence française.";;
Traducteur juré;;FRA;Français;Juridique;Droit;Un traducteur produit un document écrit en traduisant un texte d'une langue dans une autre langue. Un traducteur juridique doit non seulement maîtriser les notions de base et la terminologie du droit, mais également le domaine auquel ce droit est appliqué. (source : le portail e justice européen.;https://e-justice.europa.eu/content_find_a_legal_translator_or_an_interpreter-116-fr.do;Seul le tribunal auprès duquel le traducteur a prêté serment est compétent. Comment faut-il faire légaliser une traduction jurée ?;https://justice.belgium.be/fr/themes_et_dossiers/services_du_spf/legaliser_des_documents https://justice.belgium.be/fr/themes_et_dossiers/services_du_spf/legaliser_des_documents;De même que pour le terme interprète, il existe différents signes pour le mot traducteur juré. La nuance entre les termes vient de la différence de signe pour définir traducteur d'interprète (comme en français).;;
Loi;;FRA;Français;Juridique;Droit;Les lois, au sens large, constituent la plus grande partie du droit. Elles sont adoptées par les députés et les sénateurs, par les parlements des communautés et des régions ou par les conseils des provinces et communes. Tout citoyen est censé les connaître et les respecter.;https://justice.belgium.be/sites/default/files/downloads/La%20justice%20en%20Belgique%20(version%202009).pdf;Nul n'est censé ignorer la loi.  Se mettre hors la loi.;Lenoble-Pinson Michèle- Dire et écrire le droit en français correct- Bruylant, 2015.806p.;;;
Justice pénale;;FRA;Français;Juridique;Droit pénal;Branche du droit ayant pour objet la prévention et la repression des infractions.;Lenoble-Pinson Michèle- Dire et écrire le droit en français correct- Bruylant, 2015.806p.;Réforme de la procédure pénale: quel sera le futur rôle du juge d'instruction?  - Selon nos informations, Sameh Sobhy, un homme d’affaire élégant et raffiné, n’était pas connu de la justice pénale.;https://www.rtbf.be/info/belgique/detail_reforme-de-la-procedure-penale-quel-sera-le-futur-role-du-juge-d-instruction?id=9517746 http://www.dhnet.be/actu/faits/un-businessman-ecroue-pour-trafic-d-armes-58545719cd701e2eb28824bf;Il n'y a pas de signe spécifique pour le terme justice pénale. La paraphrase (justice qui punit) fait office de signe.;;
Meurtre;;FRA;Français;Juridique;Droit pénal;L'homicide commis avec intention de donner la mort est qualifié de meurtre.;http://www.ejustice.just.fgov.be/cgi_loi/change_lg.pl?table_name=loi&cn=1867060801&language=fr;Commettre un meurtre - Meurtre aggravé, perpétré avec préméditation est qualifié d'assassinat.;Lenoble-Pinson Michèle- Dire et écrire le droit en français correct- Bruylant, 2015.806p.;En langue des signes, il n'existe pas de signe générique, pour signer meurtre, assassinat ou homicide, c'est le même signe (crime) pour les 3 termes mais nous avons besoin de connaitre les circonstances exactes du délits (arme, type de coup porté, localisation des coups ou tirs portés sur la victime, etc.), car la langue des signes évolue dans une dimension-visio spatiale qui nécessite d'être au plus près de la réalité. Les notions de préméditation ou de volonté de donner ou non la mort n'apparaissent pas en LS alors qu'elles sont inhérentes aux termes francais.;;
Assasinat;;FRA;Français;Juridique;Droit pénal;L'homicide commis avec intention de donner la mort est qualifié de meurtre.;http://www.ejustice.just.fgov.be/cgi_loi/change_lg.pl?table_name=loi&cn=1867060801&language=fr;Coupable d'assassinat. - L'assassinat du président Kennedy.;Lenoble-Pinson Michèle- Dire et écrire le droit en français correct- Bruylant, 2015.806p.;;;
Homicide;;FRA;Français;Juridique;Droit pénal;Fait de donner la mort à un être humain, soit volontairement ou même avec préméditation, soit involontairement ou encore de façon casuelle.;Lenoble-Pinson Michèle- Dire et écrire le droit en français correct- Bruylant, 2015.806p.;Homicide involontaire  - Aux États-Unis, le nombre d'homicides a diminué pendant les années 1990;Lenoble-Pinson Michèle- Dire et écrire le droit en français correct- Bruylant, 2015.806p.  https://fr.wikipedia.org/wiki/Homicide;;;
Police locale;;FRA;Français;Juridique;Droit civil et pénal;Au niveau local, la fonction de police de base consiste dès lors à satisfaire toutes les missions de police administrative et judiciaire nécessaires à la gestion des évènements et des phénomènes locaux sur le territoire de la zone ainsi que l’accomplissement de certaines missions de police à caractère fédéral.;http://www.jobpol.be/fr/home/politie_organisatie_federale_politie;Au total, la police locale de la zone Bruxelles-Nord a contrôlé 575 véhicules. - Le GSM avait été saisi en février 2015 par la zone de police locale dans le cadre d'une enquête pour trafic de drogues.;http://www.lesoir.be/44461/article/actualite/regions/bruxelles/2012-08-24/evere-flash%C3%A9-%C3%A0-115-km/h-dans-une-zone-50 http://regions-actualite.lesoir.be/_bruxelles/gsm-zone-de-police-police-locale-enquete.html;;;
Police fédérale;;FRA;Français;Juridique;Droit civil et pénal;Au niveau fédéral, une seule police, la police fédérale, assure la fonction de police spécialisée et des missions d'appui. Les missions spécialisées sont de deux ordres : de police judiciaire et de police administrative. Elle assure également des missions 'supralocales', c'est-à-dire qui dépassent le territoire d'une zone de police, et elle apporte un appui à la police locale. La police fédérale exerce ses missions sur l'ensemble du territoire belge.;http://www.jobpol.be/fr/home/politie_organisatie_federale_politie;La police fédérale de la route en manque d’effectifs à cause de la menace terroriste. - L' homme qui s'est reconnu sur l'avis de recherche diffusé mercredi par la police fédérale et qui visait à identifier l'agresseur du commissaire divisionnaire Vandersmissen, violemment agressé mardi lors de la manifestation, a été entendu jeudi matin en tant que suspect après s'être rendu mercredi à la police de Bruxelles.;http://www.lesoir.be/1405478/article/actualite/belgique/2017-01-02/police-federale-route-en-manque-d-effectifs-cause-menace-terroriste http://regions-actualite.lesoir.be/avis-de-recherche-police-federale.html;;;
Plaidoiries;;FRA;Français;Juridique;Droit civil et pénal;Action de plaider, d'exposer oralement à la barre d'un tribunal, les faits et les prétentions d'un plaideur. Discours prononcé par l'avocat.;Lenoble-Pinson Michèle- Dire et écrire le droit en français correct- Bruylant, 2015.806p.;La plaidoirie de l'avocat. - Prononcer une belle plaidoirie, on en parlera pendant 8 jours. Faites une gaffe, vous la trainerez toute votre vie. (M. Audibert).;Lenoble-Pinson Michèle- Dire et écrire le droit en français correct- Bruylant, 2015.806p.;;;
Tribunal de 1 ère Instance;;FRA;Français;Juridique;Droit civil et pénal;Le tribunal de première instance est composé de trois sections : civile, correctionnelle et jeunesse. Le tribunal de première instance, dans son ensemble, possède une compétence résiduaire, c’est-à-dire qu’il est compétent pour toutes les affaires sauf celles attribuées à d’autres cours et tribunaux par la loi.;http://www.cultures-sante.be/nos-outils/outils-education-permanente/item/74-cours-et-tribunaux.html;Dix-huit mois après des vacances dramatiques en Turquie, une famille bruxelloise est assignée devant le tribunal de 1ère instance de Bruxelles par un hôpital d'Antalya qui lui réclame 39.162,03 euros.;http://actualite-generale.dhnet.be/_faits_divers/tribunal-famille-bruxelles.html;;;
Coupable;;FRA;Français;Juridique;Droit civil et pénal;Personne dont il est établi qu'elle a commis une infraction.;http://www.avocats-legalex-namur.be/introduction-droit/lexique-juridique.html;Etre coupable d'un délit. - L'accusé est déclaré coupable.;Lenoble-Pinson Michèle- Dire et écrire le droit en français correct- Bruylant, 2015.806p.;;;
Innocent;;FRA;Français;Juridique;Droit civil et pénal;Qui n'a pas commis l'acte délictueux ou condamnable dont on le soupçonne.;http://www.larousse.fr/dictionnaires/francais/innocent_innocente/43186;Plaider l'innocence. - L'un de ces droits est celui d'être présumé innocent et d'avoir un procès public et équitable.;Lenoble-Pinson Michèle- Dire et écrire le droit en français correct- Bruylant, 2015.806p.  http://www.article15.gc.ca/fra;;;
Accusé;;FRA;Français;Juridique;Droit pénal (cour d'assise);Prévenu qui est renvoyé devant la cour d'assises.;Lenoble-Pinson Michèle- Dire et écrire le droit en français correct- Bruylant, 2015.806p.;Le ministère public l'a accusé d'avoir empoissoné sa femme. - Il a été accusé d'homicide volontaire.;Lenoble-Pinson Michèle- Dire et écrire le droit en français correct- Bruylant, 2015.806p.;En langue des signes, il n'y a pas de distinction entre accusé, inculpé et prévenu. Tous sont exprimés par le signe accusé.;;
Inculpé;;FRA;Français;Juridique;Droit pénal;Poursuivi au cours de l'instruction préparatoire.;Lenoble-Pinson Michèle- Dire et écrire le droit en français correct- Bruylant, 2015.806p.;L'inculpé bénéficie de la présomption d'innocence. (LIVRE) - François Fillon inculpé dans l'affaire des emplois fictifs.;http://www.dhnet.be/actu/monde/francois-fillon-inculpe-dans-l-affaire-des-emplois-fictifs-58c7fc8ecd705cd98df048a5;;;
Prévenu;;FRA;Français;Juridique;Droit pénal (tribunal correctionnel);Personne traduite devant un tribunal correctionnel pour répondre d'un délit.;Lenoble-Pinson Michèle- Dire et écrire le droit en français correct- Bruylant, 2015.806p.;L'inculpé devient prévenu lorsque le juge d'instruction ou la juridiction d'instruction rend contre lui une ordonnance de renvoi (Cornu). - L'inculpé bénéfécie de la présomption d'innocence.;Lenoble-Pinson Michèle- Dire et écrire le droit en français correct- Bruylant, 2015.806p.;;;
Tribunal de la famille;;FRA;Français;Juridique;Droit civil ;Depuis le 1er septembre 2014, c'est le Tribunal de la famille et de la jeunesse (TFJ) qui règle les litiges familiaux (divorce, autorité parentale, hébergement des enfants mineurs, pensions alimentaires, droit aux relations personnelles, mariage, successions, etc…). Auparavant 3 juridictions intervenaient lors d’un conflit familial en fonction du type de litige: la justice de paix, le tribunal de première instance et le tribunal de la jeunesse. Le tribunal de la jeunesse et de la famille est une nouvelle section du tribunal de première instance où sont créées une ou des chambres de la famille constituant le tribunal de la famille, une ou des chambres de la jeunesse constituant le tribunal de la jeunesse et une ou des chambres de règlement à l’amiable. Tous les litiges familiaux sont réglés par un seul et même tribunal mais aussi par un même juge qui pourra donc suivre toute l’histoire de la famille dans un dossier unique.;http://www.jeminforme.be/index.php/droits-citoyennete/le-tribunal-de-la-famille-et-de-la-jeunesse-tfj;"Tribunal de la famille : ""40 ans qu’on l’attendait"". - Un homme avait agressé une avocate et un agent de sécurité lors d'une audience du tribunal de la famille ce mardi.";http://www.dhnet.be/actu/faits/tribunal-de-la-famille-40-ans-qu-on-l-attendait-5404b70e357030e6103cceca http://www.dhnet.be/regions/tournai-ath-mouscron/tournai-l-homme-violent-lors-d-une-audience-libere-sous-conditions-58c98c30cd705cd98df606a3;;;
Procureur du Roi;;FRA;Français;Juridique;Droit pénal;Magistrat représentant du ministère public et chef du parquet auprès des principales juridictions.;Lenoble-Pinson Michèle- Dire et écrire le droit en français correct- Bruylant, 2015.806p.;Le procureur a requis une peine d'emprisonnement. - Le procureur fédéral a changé radicalement de point de vue. ;Lenoble-Pinson Michèle- Dire et écrire le droit en français correct- Bruylant, 2015.806p. http://www.dhnet.be/actu/faits/le-procureur-federal-accuse-de-mensonges-51b79fa6e4b0de6db984a0fd;Lors de l'audience ou en présence du procureur du roi, le pointage avec l'index est utilisé à la place du signe pour signifier la personne désignée.;;
Audience;;FRA;Français;Juridique;Droit civil et pénal;L’audience est une séance devant le juge, il en existe de plusieurs types: audience de plaidoiries, audience d’introduction, audience en chambre du conseil, audience publique.;http://www.droitsquotidiens.be/fr/lexique?page=1;Audience publique. - Audience à huis clos.;Lenoble-Pinson Michèle- Dire et écrire le droit en français correct- Bruylant, 2015.806p.;;;
Magistrat;;FRA;Français;Juridique;Droit ;Personne appartenant au corps judiciaire et investie, à titre professionnel, de pouvoir rendre la justice (magistrat du siège ou magistrat assis) ou de requérir au nom de l'Etat (magistrat du parquet  ou magistrat debout).;Lenoble-Pinson Michèle- Dire et écrire le droit en français correct- Bruylant, 2015.806p.;Deux mandats d'arrêt délivrés par les magistrates françaises.  - Le magistrat a, à ce stade, retenu la thèse des coups et blessures involontaires et a libéré le père.;http://www.lesoir.be/1148997/article/actualite/belgique/2016-03-13/un-homme-tire-sur-son-fils-en-chassant-canards-je-l-ai-pris-pour-un-gros-chat;Lors de l'audience ou en présence du magistrat, le pointage avec l'index est utilisé à la place du signe pour signifier la personne désignée.;;
Motifs d'un jugement;;FRA;Français;Juridique;Droit civil, d. pénal;"a) Les raisons que le juge indique comme l’ayant déterminé à prononcer comme il a fait (Cornu G., Vocabulaire juridique, Puf/Quadrige, Paris 2007) ; b) Considérations de droit et de fait qui fondent une décision administrative, un jugement ou un arrêt d'une juridiction administrative. http://www.jurisconsulte.net/fr/lexique/id-101-motifs.";;"a) « La Chambre de première instance expose ci-après les motifs du jugement, portant
condamnation, prononcé oralement le 7 février 2012 ».  b)« Dans le jugement qu'il rend, le juge doit répondre par des ""motifs"" à l'ensemble des moyens invoqués qui constituent le soutien de sa décision. »

";http://www.icty.org/x/cases/contempt_rasic/tjug/fr/120306.pdf http://www.juritravail.com/lexique/Moyens.html;"On dit aussi ""les attendus"" et, dans certains cas, ""les considérants""..";Lenoble-Pinson M., Dire et écrire le droit en français correct, Bruylant, Bruxelles 2014;
Uzasadnenie wyroku;;POL;Polska;Juridique;Droit civil, d. pénal;Część składowa wyroku, w której sąd wskazuje fakty uznane za udowodnione, dowody, na których sąd się oparł i przyczyny, dla których innym dowodom odmówił wiarygodności i mocy dowodowej oraz wyjaśnia podstawę prawną wyroku wraz z przytoczeniem przepisów prawa. (Gęsicki M., Mały leksykon prawniczy, Difin, Warszawa 1997).;;"a) « Uzasadnienie wyroku sporządza się pisemnie na wniosek strony o doręczenie wyroku z uzasadnieniem zgłoszony w terminie tygodniowym od dnia ogłoszenia sentencji”. b)„Krakowski sąd sporządził pisemne uzasadnienie wyroku uniewinniającego lekarzy Jerzego Ziobry, ojca obecnego ministra sprawiedliwości. Po zapoznaniu się z uzasadnieniem wniesiemy apelację, bo wyrok uważamy za niesprawiedliwy - zapowiada rodzina zmarłego.”
 ";https://www.arslege.pl/uzasadnienie-wyroku/k14/a8568/ http://fakty.interia.pl/polska/news-jest-uzasadnienie-wyroku-ws-lekarzy-jerzego-ziobry,nId,2390498;;;
Partie civile;;FRA;Français;Juridique;Droit  pénal;Partie (à un procès) – personne physique ou morale engagée dans un procès comme demandeur, défendeur ou intervenant (…). Se porter PARTIE CIVILE – demander devant la juridiction pénale réparation d’un dommage subi du fait d’une infraction. (Lenoble-Pinson, op.cit.).;;a) « Le plus souvent, la constitution de partie civile vise à obtenir une réparation du préjudice sous la forme de dommages-intérêts versés à la victime par la personne condamnée. »  b) « Tourisme sexuel pédophile : 3 associations se constituent partie civile. » ;http://droit-finances.commentcamarche.net/contents/1405-constitution-de-partie-civile-comment-faire http://tempsreel.nouvelobs.com/justice/20160621.OBS3096/tourisme-sexuel-pedophile-3-associations-se-constituent-partie-civile.html;;;
Powód cywilny;;POL;Polska;Juridique;Droit  pénal;"Strona wszczynająca proces cywilny przez wniesienie powództwa. (Krzysztoforska-Weisswasser Z., Polski słownik terminów i pojęć prawniczych, Antykwa, Wiedeń 1998); ";;"a) Pokrzywdzony może wytoczyć powództwo cywile celem dochodzenia w postępowaniu karnym roszczeń majątkowych wynikających bezpośrednio z popełnienia przestępstwa (art. 62 KPK); b) „W razie niestawiennictwa powoda cywilnego do chwili rozpoczęcia przewodu sądowego, sąd pozostawia powództwo cywilne bez rozpoznania, chyba że powód złożył wniosek o rozpoznanie pomimo jego nieobecności (art. 383 k.p.k.).";http://www.zapytajprawnika.pl/tag/niestawienie-sie-powoda-cywilnego/;"Od 1 lipca 2015 roku niedopuszczalne jest w procesie karnym wytoczenie powództwa cywilnego (tzw. powództwa adhezyjnego)..;   N'est plus prévu dans le droit pénal polonais depuis le 1er juillet 2015.";http://jakprawnie.pl/artykuly/roszczenia-cywilne-w-procesie-karnym-po-1-lipca-2015-roku.html;
Conclusions;;FRA;Français;Juridique;Droit civil;"a) Écritures matérialisant les prétentions respectives des parties à un procès (Lenoble-Pinson M ; op.cit.); b) Les conclusions désignent un acte de procédure déposé par un avocat et par lequel celui-ci fait connaître à la juridiction ainsi qu'à l'éventuel avocat adverse les demandes de son client fondées sur les faits et le droit. Il s'agit d'un document écrit qui ne doit pas être confondu avec les plaidoiries.http://droit-finances.commentcamarche.net/faq/4062-conclusions-d-avocat-definition.";;a) « Les conclusions de la partie ………………………………….ont déjà été envoyées à la partie adverse et remises au greffe. »  b) « La règle, c’est que tous les documents et les conclusions qui seront remis au juge doivent préalablement avoir été communiqués à l’autre partie. Ainsi, celle-ci pourra répondre et s’expliquer. »;http://www.juridat.be/appel/mons/images/convention_mise_en_etat.pdf http://questions-justice.be/menu-principal/les-rouages-de-la-justice/Modes-d-emploi-des-proces/La-procedure-civile;En polonais, à l’instar du français, l’on confond souvent le document écrit (pismo procesowe) avec les plaidoiries (mowa obrończa).;;
Wnioski końcowe;;POL;Polska;Juridique;Droit civil;Wnioski końcowe, pismo procesowe z żądaniami i środkami dowodowymi/ z odpowiedziami na pozew/wniosek (Łozińska-Małkiewicz E., Francusko-polski słownik terminologii prawniczej, wyd.Ewa 2, Toruń 2011).;;"a) „Jeżeli w sprawie prowadzone było śledztwo, akta sprawy przekazuje się prokuratorowi, który formułuje wnioski końcowe.”  b) „W postępowaniu przed sądem cywilnym pisma procesowe obejmują wnioski i oświadczenia stron składane poza rozprawą (…).Są to pisma składane do sądu, które zawierają stanowiska stron i uczestników postępowania sądowego.”
";https://e-justice.europa.eu/content_rights_of_defendants_in_criminal_proceedings_-169-BE-maximizeMS-en.do?clang=pl&idSubpage=2 http://www.gazetaprawna.pl/encyklopedia/prawo,hasla,335400,pisma-procesowe.html;;;
Tribunal de première instance;;FRA;Français;Juridique;Droit civil, d.pénal;"a) Juridiction du premier degré par opposition aux juridictions d’appel et de cassation qui porte le nom de « cour » (Lenoble-Pinson M., Dire et écrire le droit en français correct, Bruylant, Bruxelles 2014) ;b) Le tribunal de première instance est le tribunal le plus général. En règle générale, on peut dire que le tribunal de première instance connaît de toutes les matières à l’exception de celles qui sont expressément attribuées aux autres tribunaux. Le tribunal de première instance est composé de quatre sections qui sont respectivement le tribunal civil, le tribunal correctionnel, le tribunal de la famille et de la jeunesse et le tribunal d’application des peines. https://justice.belgium.be/fr/ordre_judiciaire/cours_et_tribunaux/tribunal_de_premiere_instance";;a)„C’est au tribunal de première instance que la plupart des personnes risquent de se retrouver quand elles s’adressent à la justice pour la première fois. En effet, ce tribunal est compétent pour la plupart des conflits ».  b)«Si vous ne trouvez toujours pas la personne qui convient, vous pouvez vous adresser directement au Tribunal de Première instance le plus proche de chez vous pour demander à consulter la liste de leurs traducteurs jurés »;http://questions-justice.be/Le-tribunal-de-premiere-instance http://www.translatio.be/index.php?option=com_content&view=article&id=69:ou-trouver-un-traducteur-jur&catid=107&Itemid=128;;;
Sąd pierwszej Instancji;;POL;Polska;Juridique;Droit civil, d.pénal;"1. W pierwszej instancji sąd rozpoznaje sprawy w składzie jednego sędziego, chyba że przepis szczególny stanowi inaczej.
§ 2. W pierwszej instancji sąd w składzie jednego sędziego jako przewodniczącego i dwóch ławników rozpoznaje sprawy:
1) z zakresu prawa pracy,
2) ze stosunków rodzinnych,
§ 3. Postanowienia poza rozprawą oraz zarządzenia wydaje przewodniczący.
§ 4. Prezes sądu może zarządzić rozpoznanie sprawy w składzie trzech sędziów zawodowych, jeżeli uzna to za wskazane ze względu na szczególną zawiłość lub
precedensowy charakter sprawy. 
https://www.arslege.pl/sklad-sadu-w-pierwszej-instancji/k14/a7669/
";;"a) ""Sąd Pierwszej Instancji został powołany na mocy Jednolitego Aktu Europejskiego w celu odciążenia Europejskiego Trybunału Sprawiedliwości”.b) „Z aktami sprawy w Sądzie Rejonowym w Wołominie można zapoznać się w czytelni akt wydzielonej w ramach Biura Obsługi Interesanta”";http://www.uniaeuropejska.info.pl/sad-pierwszej-instancji-unii-europejskiej  http://wolomin.sr.gov.pl/index.php?id=583;"W polskim wymiarze sprawiedliwości jest zasadą, że w pierwszej instancji orzeka sąd rejonowy (lub okręgowy). Dans le système judiciaire polonais, c'est le Tribunal régional (ou le tribunal d'arrondissement) qui fait l'office de la juridiction du premier dégré. Quand l'on évoque ""Sąd Pierwszej Instancji"", l'on a la tendence à penser au TPI auprès de l'Union Européenne.  ";;
Greffier;;FRA;Français;Juridique;Droit civil, d.pénal;"a) Officier public préposé au greffe (Lenoble-Pinson, op.cit.); b) Le mot ""greffier"" provient d'un verbe grec signifiant ""écrire"". Autrefois le Greffier d'un tribunal était un officier ministériel titulaire d'une charge qui ""tenait la plume à l'audience"". Les greffiers sont actuellement des fonctionnaires de l'État. Dans une juridiction ils sont chargés des tâches matérielles de rédaction, de reproduction des actes, et de mise en oeuvre des procédures de justice. Il sont gardiens des archives de la juridiction et principalement des ""minutes"". Les greffiers assistent les magistrats. https://www.dictionnaire-juridique.com/definition/greffier.php.";;"a) « A chaque audience, le juge est assisté par un greffier. Le greffier prépare les tâches du juge, par exemple, en constituant le dossier pour l'audience. »  b) « Témoin du bon fonctionnement de la machine judiciaire, le greffier suit procès et jugements de bout en bout. Une position idéale pour les mordus de droit et de justice ! » c) ""...le tribunal ou la cour qui connait de l'affaire pourrait faire dresser procès-verbal par le greffier"" (art. 445 du Code judiciaire).";https://justice.belgium.be/fr/themes_et_dossiers/ordre_judiciaire/qui_est_qui_au_tribunal/personnel_judiciaire/greffier  http://www.lesmetiers.net/orientation/p1_193860/greffier;;;
Protokolant;;POL;Polska;Juridique;Droit civil, d.pénal;Protokolant, czyli tzw. sekretarz sądowy, jest urzędnikiem państwowym i ściśle współpracuje z sędzią. Jego obowiązki są bardzo różne i do najważniejszych należą: prawidłowe i zgodne z terminami wykonywanie zarządzeń wydanych przez sędziego referenta, które mają zapewnić prawidłowy przebieg sprawy, protokołowanie na rozprawie, chronologiczne i bardzo staranne prowadzenie akt oraz ich przygotowywanie na sesję. Poza tym przyjmuje korespondencję i zwrotne potwierdzenie odbioru i przesyłek, które nie dotarły i wkłada je do odpowiednich akt, a potem przekazuje sędziemu. Protokolant przygotowuje też wokandę, wykonuje reklamacje i wprowadza dane do programu Sawa w zakresie obsługiwanego referatu sędziego i sprawdza zgodność wpisów w systemie z aktami.http://www.kluczdokariery.pl/twoja-kariera/rynek-pracy/aktualnosci/art,172,zawod-protokolant-sadowy.html.;;a) „Coraz mniej młodych ludzi jest zainteresowanych pracą w sekretariatach sądowych, a tym samym brak jest protokolantów, bez których nie może odbyć się żadna rozprawa sądowa.” b) „Czytamy w nim (w raporcie, ndlr.), że m.in. starszy sekretarz sądowy ze stołecznego sądu zarabia średnio 3192 zł, a jego rzeszowski odpowiednik jedynie 1041 zł.”;http://gs.org.pl/protokolant-ciezka-dola-robola  http://superbiz.se.pl/wiadomosci-biz/zobacz-ile-zarabia-sie-w-sadach-dodatki-premie-i-brak-zusu_587214.html;"Protokolant i sekretarz sądowy to terminy odpowiadające francuskiemu „greffier” z tym, że sekretarz musi mieć teoretycznie dłuższe doświadczenie i ma większy zasięg działania. Les deux termes correspondent au mot français ""greffier"" cependant ""sekretarz"" a le champ d'activités plus large.";http://www.infor.pl/akt-prawny/DZU.2015.007.0000054,rozporzadzenie-ministra-sprawiedliwosci-w-sprawie-stanowisk-i-szczegolowych-zasad-wynagradzania-urzednikow-i-innych-pracownikow-sadow-i-prokuratury-oraz-odbywania-stazu-urzedniczego.html;
Code civil;;FRA;Français;Juridique;Droit civil;a) Code : Ensemble cohérent des règles qui gouvernent une matière (Lenoble-Pinson, op.cit.) b) Code civil : Code ayant vocation à régir soit l’ensemble des matières du Droit civil, y compris la famille et obligations - conception française, soit l’ensemble de ces matières, à l’exclusion du Droit des obligations - conception suisse (Cornu G., Vocabulaire juridique, Quadrige/PUF, Paris 2007).;;a) „Le droit de la responsabilité est fondé en Belgique sur l'article 1382 du Code civil qui précise, en substance, que celui qui commet une faute est tenu de réparer le préjudice qu'il a causé à autrui à la suite de cette faute. »  b) « D'après le Code Civil belge, le domicile d'une personne sera le lieu de son principal établissement. Et c'est à ce lieu qu'elle exercera ses droits civils. »  ;http://www.avocats-legalex-namur.be/droit-responsabilite/responsabilite-fait-personnel.html http://www.sireas.be/publications/analyse2008/analyse11-2008.pdf;"Je ne suis pas parvenue à trouver une définition spécifique concernant le Code civil belge. L'abréviation utilisée courrament  en Pologne pour désigner ""Kodeks cywilny"" est ""K.C."" (ou ""kc""). ";;
Kodeks cywilny;;POL;Polska;Juridique;Droit civil;"a)  Zbiór przepisów normujących właściwości sądów i postępowania przed nimi w sprawach cywilnych https://sjp.pwn.pl/slowniki/Kodeks%20cywilny.html; b) Jego znaczenie (…) zasadza się w tym, że zawiera podstawowy trzon przepisów regulujących stosunki cywilno-prawne między osobami fizycznymi i osobami prawnymi oraz w tym, że wyrażone w nim zasady ułatwiają stosowanie przepisów prawa, rozsianych w różnych aktach normatywnych, dając im wspólną podbudowę (Gęsicki M., Mały leksykon prawniczy, Difin, Warszawa 1997).";;a) „Kodeks Cywilny jest najważniejszym źródłem prawa cywilnego materialnego” b) „Ochrona prawa własności na gruncie art. 222 Kodeksu cywilnego”.;https://aktyprawne.wordpress.com/2014/05/11/kodeks-cywilny/ http://e-prawnik.pl/artykuly/prawo-cywilne/ochrona-prawa-wlasnosci-na-gruncie-art--222-kodeksu-cywilnego.html;;;
Code pénal;;FRA;Français;Juridique;Droit pénal;"a) cf supra; b) Code pénal: Ensemble des textes qui définissent les infractions et déterminent les sanctions applicables.http://www.cnrtl.fr/definition/p%C3%A9nal .";;"a) „Le Code pénal actuel est un code à deux vitesses. Il a fait l'objet de plusieurs modifications législatives ponctuelles mais il contient encore des dispositions inchangées depuis sa création en 1867. »; b) « Les 350 signataires, qui invitent d'autres citoyens à les rejoindre sur le site www.manifestedes350.be, invitent le monde politique à sortir l'avortement du Code pénal et à permettre aux femmes d'avorter en toute liberté. »";http://www.presscenter.org/fr/pressrelease/20170120/modification-du-livre-1er-du-code-penal http://www.7sur7.be/7s7/fr/1502/Belgique/article/detail/3098498/2017/03/07/Un-manifeste-pour-sortir-l-avortement-du-Code-penal.dhtml;" L'abréviation utilisée courrament dans les textes polonais pour désigner ""Kodeks karny"" est ""K.K."" (ou ""kk""). ";;
Kodeks karny;;POL;Polska;Juridique;Droit pénal;"a) Zbiór przepisów normujących zasady obowiązywania ustawy karnej.   https://sjp.pwn.pl/szukaj/kodeks%20karny.html; b)  Kodeks karny to akt normatywny, który stanowi podstawowe źródło prawa karnego. Przez postanowienia w nim zawarte odzwierciedla tendencje państwa do zaostrzenia bądź liberalizacji prawa karnego. http://www.infor.pl/prawo/encyklopedia-prawa/k/273406,Kodeks-karny.html.";;"a) ""Zgodnie z definicją art. 212 § 1 Kodeksu karnego zniesławienie polega na pomawianiu o takie postępowanie lub właściwości, które mogą poniżyć w opinii publicznej lub narazić na utratę zaufania potrzebnego dla danego stanowiska, zawodu lub rodzaju działalności.” b)  „Obecnie już nie tylko kodeks karny skarbowy określa kary dla nierzetelnych podatników, ale także kodeks karny.”";http://www.infor.pl/prawo/kodeks-karny/odpowiedzialnosc-karna/702487,Przestepstwo-znieslawienia-na-podstawie-art-212-kodeksu-karnego.html http://www.podatki.egospodarka.pl/139413,Kodeks-karny-czyli-jak-za-faktury-VAT-dostac-wiezienia-25-lat,1,68,1.html;;;
Contravention;;FRA;Français;Juridique;Droit pénal;"a) Infraction appartenant à une catégorie située au bas de l’échelle de gravité (Lenoble-Pinson, op.cit); b) La contravention est une catégorie d'infractions pénales. Elle est sanctionnée uniquement d'une amende ou de peines complémentaires (comme la suspension d'un permis de conduire par exemple). http://droit-finances.commentcamarche.net/faq/4082-contravention-definition.";;"a) « Les contraventions sont jugées par le tribunal de police. » b) « Une contravention au contrat commise par l’une des parties est essentielle lorsqu’elle
cause à l’autre partie un préjudice tel qu’elle la prive substantiellement de ce que celle-ci
était en droit d’attendre du contrat ».
";http://www.justice-en-ligne.be/article153.html https://www.uncitral.org/pdf/french/clout/digest2008/article025.pdf;Dans le texte polonais, il y a la mention de „ograniczenie wolności” (limitation de la liberté).;http://www.serwisprawa.pl/definicje,263,ograniczenie-wolnosci.;
Wykroczenie;;POL;Polska;Juridique;Droit pénal;"a) Działanie sprzeczne z przyjętymi normami. Czyn uznawany przez władze administracyjne za społecznie niebezpieczny, ale niebędący przestępstwem. https://sjp.pwn.pl/slowniki/wykroczenie.html; b) Czyn społecznie niebezpieczny, zagrożony przez ustawę karą zasadniczą aresztu do 3 miesięcy, ograniczenia wolności do 3 miesięcy, grzywny do 500 złotych lub nagany (art. 1 k.w.).(Krzysztoforska-Weisswasser Z., Polski słownik terminów i pojęć prawniczych, Antykwa, Wiedeń 1998).";;a) « Określenie, kto i w jakiej sytuacji ponosi odpowiedzialność za wykroczenie jest niezmiernie ważne. Kwestii odpowiedzialności za wykroczenie nie można sprowadzić do jednej okoliczności.”  b) „Kolejny wyróżnik związany jest ze stopniem intensywności kary – jest ona wyższa w przypadku przestępstwa, natomiast łagodniejsza dla wykroczenia.”;http://www.infor.pl/prawo/wykroczenia/odpowiedzialnosc-za-wykroczenia/685811,Warunki-odpowiedzialnosci-za-wykroczenie.html https://eprawnik.wordpress.com/2015/02/23/przestepstwo-a-wykroczenie-jaka-jest-roznica/;;;
Délit;;FRA;Français;Juridique;Droit pénal;"a) Infraction moins grave que le crime et plus grave que la contravention dont la loi fixe la sanction en précisant la peine correctionnelle qu’encourent les auteurs  (Lenoble-Pinson, op.cit); b) Un délit désigne une infraction jugée par le tribunal correctionnel. La peine encourue pour les délits les plus graves ne dépasse pas une durée d'emprisonnement maximum de 10 ans. http://droit-finances.commentcamarche.net/faq/4111-delit-definition.";;a) « Une dame de 57 ans interpellée pour un accident avec délit de fuite à Pepinster: elle transportait un détenu évadé de Lantin! »  b) « Au début du mois de septembre dernier, l’on apprenait par la presse que la chambre des mises en accusations de Bruxelles avait prononcé le renvoi d’un délit de presse devant la cour d’assises. »;http://www.lameuse.be/1723593/article/2016-11-21/une-dame-de-57-ans-interpellee-pour-un-accident-avec-delit-de-fuite-a-pepinster http://www.justice-en-ligne.be/article748.html;"En polonais courant (également dans les dictionnaires juridiques bilingues français-polonais), les termes  ""występek"",""wykroczenie"" et ""przestępstwo"" (infraction), sont utilisés comme synonymes contrairement à ""zbrodnia"" (crime), cf. infra.";;
Występek;;POL;Polska;Juridique;Droit pénal;"a)W prawie karnym czyn zagrożony karą przekraczającą 3 miesiące pozbawienia wolności, 3 miesiące ograniczenia wolności lub 5 mln grzywny (art. 5 § 3 k.k.) selon Krzysztoforska; b) Występkiem jest czyn zabroniony zagrożony grzywną powyżej 30 stawek dziennych, karą ograniczenia wolności albo karą pozbawienia wolności przekraczającą miesiąc. Art. 7 § 3 kodeksu karnego. Występek można popełnić umyślnie a także nieumyślnie. http://szukaj.serwisprawa.pl/Wyst%C4%99pek.html.";;"a) „Był to raczej występek o charakterze chuligańskim. W tym przypadku odszkodowanie za zniszczony pojazd przysługuje więc od sprawcy tej szkody.” http://www.gazetaprawna.pl/encyklopedia/szukaj?q=Wyst%C4%99pek&c=1; b) „Podstawowa różnica sprowadza się do tego, że zbrodnię można popełnić tylko umyślnie. Występek natomiast można popełnić również nieumyślnie, jeżeli tak stanowi szczególny przepis prawa.” http://www.infor.pl/prawo/prawo-karne/ciekawostki/255780,Czym-rozni-sie-zbrodnia-od-wystepku.html.";;;;
Crime;;FRA;Français;Juridique;Droit pénal;"a) Infraction dont la loi fixe la sanction, en précisant la peine criminelle qu’encourent ses auteurs devant la cour d’assises (Lenoble-Pinson M., op.cit.) ; b) Les crimes sont les infractions les plus graves. Un crime peut être puni par un emprisonnement de minimum 5 ans, des travaux forcés ou une amende de minimum 26 euros à multiplier par les décimes. https://www.belgium.be/fr/justice/victime/plaintes_et_declarations/types_d_infractions/crime.";;"a) « Qu’il soit commis contre autrui ou contre soi, le crime constitue l’une des énigmes les plus opaques à laquelle soit confrontée l’intelligence humaine. » https://www.cairn.info/revue-recherches-en-psychanalyse-2004-2-page-119.htm; b) « Le crime, qui va défrayer la chronique pendant de longs mois, ne sera jamais élucidé, même si tout accuse un certain Paul Laborie. » http://www.payot-rivages.net/livre_Le-Crime-du-Palace-Florence-TAMAGNE_ean13_9782228916974.html.";;;;
Zbrodnia;;POL;Polska;Juridique;Droit pénal;"a)  Przestępstwo umyślne zagrożone karą pozbawienia wolności na czas nie krótszy niż 3 lata albo karą surowszą (art.5 § 2 k.k. selon Krzysztoforska); b) Poważne przestępstwo o dużym stopniu społecznej szkodliwości, w polskim prawie zagrożone karą pozbawienia wolności na czas nie krótszy od 3 lat albo najsurowszą karą pozbawienia wolności na 25 lat lub kara dożywocia. http://www.prawnik-online.eu/zbrodnia---definicja,3,2946.html.";;"a) „Motyw zbrodni, do której doszło w Czernichowie we wrześniu ub.r., do końca nie jest jasny.” http://www.gazetakrakowska.pl/kryminaly/a/zbrodnia-w-czernichowie-rodzice-zabitego-chca-200-tys-zl-za-krzywde,12265089/; b) „Na miejscu funkcjonariusze ustalają okoliczności zbrodni. Policja apeluje do świadków zdarzenia o kontakt pod numery telefonów 997 i 112.” http://www.polsatnews.pl/wiadomosc/2017-08-20/nie-zyje-33-latek-raniony-nozem-w-nowej-hucie/.";;Do 1932 roku istniał w polskim kodeksie karnym podział na zbrodnie, występki i wykroczenia. Obecnie obowiązujący kodeks karny przyjął podział przestępstw na zbrodnie i występki (Krzysztoforska-Weisswasser, op. cit.). Jusqu’en 1932, le Code pénal polonais distinguait les crimes, les délits et les contraventions. Le Code pénal actuel divise les infractions en deux catégories: les crimes et les délits.;;
barreau;;FRA;Français;Juridique;droit judiciaire;ensemble des avocats dont le cabinet est installé dans un même arrondissement judiciaire. ;http://www.avocats-legalex-namur.be/introduction-droit/lexique-juridique.html ;Le Barreau de Liège a pris l'initiative encore inédite en Belgique de proposer à ses justiciables un accès gratuit à des contrats-types. Des modèles de contrats de bail ou de travail sont disponibles sur internet.;https://www.rtbf.be/info/regions/liege/detail_le-barreau-de-liege-propose-des-modeles-de-contrats-gratuits?id=9267325;;;
barreau;https://youtu.be/EJul7vWU-ao;SFB;Langue des signes francophone de Belgique;Juridique;droit judiciaire;ensemble des avocats dont le cabinet est installé dans un même arrondissement judiciaire. ;https://youtu.be/ChyJqNKPabw;Le Barreau de Liège a pris l'initiative encore inédite en Belgique de proposer à ses justiciables un accès gratuit à des contrats-types. Des modèles de contrats de bail ou de travail sont disponibles sur internet.;https://youtu.be/FXyChPFGyPM;;;
compétence ratione loci;;FRA;Français;Juridique;droit judiciaire;compétence  qui  est  attribuée  au  juge en fonction  d'un  territoire  bien  déterminé.  Les  compétences  territoriales  sont,  en  principe,  d'ordre  privé  sauf  exceptions prévues par la loi. ;http://www.juridat.be/tribunal_travail/tournai/images/glossaire.pdf;La compétence territoriale nécessite, quant à elle, de statuer sur la reconnaissance de l'Ossétie du Sud en tant qu'État, les crimes ayant eu lieu dans cette région. Or les juges constatent que celle-ci n'est « généralement » (§. 6) pas reconnue comme un État indépendant (à l'exception notamment de la Russie qui la reconnaît le 16 août 2008 à la suite du conflit) et n'est pas membre de l'ONU. Ils en déduisent que l'Ossétie du Sud est une partie du territoire géorgien. Les crimes ont donc été perpétrés sur le territoire géorgien, entrant dans le champ de compétence ratione loci (art. 12.2.a) de la Cour.;https://revdh.revues.org/2551;;;
compétence ratione loci;https://youtu.be/hqMx_yZgIrs;SFB;Langue des signes francophone de Belgique;Juridique;droit judiciaire;compétence  qui  est  attribuée  au  juge en fonction  d'un  territoire  bien  déterminé.  Les  compétences  territoriales  sont,  en  principe,  d'ordre  privé  sauf  exceptions prévues par la loi. ;https://youtu.be/IF7Kv1KSn2Y;La compétence territoriale nécessite, quant à elle, de statuer sur la reconnaissance de l'Ossétie du Sud en tant qu'État, les crimes ayant eu lieu dans cette région. Or les juges constatent que celle-ci n'est « généralement » (§. 6) pas reconnue comme un État indépendant (à l'exception notamment de la Russie qui la reconnaît le 16 août 2008 à la suite du conflit) et n'est pas membre de l'ONU. Ils en déduisent que l'Ossétie du Sud est une partie du territoire géorgien. Les crimes ont donc été perpétrés sur le territoire géorgien, entrant dans le champ de compétence ratione loci (art. 12.2.a) de la Cour.;https://youtu.be/l9fzXajczMk;;;
délit;;FRA;Français;Juridique;droit pénal;infraction qui est normalement punie par une peine correctionnelle. Les peines correctionnelles sont la privation de liberté de 8 jours à 5 ans (sauf exceptions), l'amende de 26 euros au moins et la confiscation. ;http://www.avocats-legalex-namur.be/introduction-droit/lexique-juridique.html;Les députés italiens ont finalement adopté mercredi soir un projet de loi introduisant le délit de torture dans la législation nationale après plusieurs années de discussions au Parlement.;https://www.rtbf.be/info/societe/detail_l-italie-introduit-finalement-le-delit-de-torture-dans-sa-legislation?id=9652723;;;
délit;https://youtu.be/LpCbdhd50go;SFB;Langue des signes francophone de Belgique;Juridique;droit pénal;infraction qui est normalement punie par une peine correctionnelle. Les peines correctionnelles sont la privation de liberté de 8 jours à 5 ans (sauf exceptions), l'amende de 26 euros au moins et la confiscation. ;https://youtu.be/2pXvdD_iNVw;Les députés italiens ont finalement adopté mercredi soir un projet de loi introduisant le délit de torture dans la législation nationale après plusieurs années de discussions au Parlement.;https://youtu.be/0Cg8d-zF5rQ;;;
descente sur les lieux;;FRA;Français;Juridique;droit civil;"En matière civile, tout magistrat a la possibilité, soit de commettre un agent public pour effectuer un constat (document rédigé par un agent public dont c'est la compétence, par exemple, par un huissier ou par un expert en vue de l'établissement de la réalité d'un fait matériel), soit de l'effectuer lui même. Dans ce dernier cas, une telle diligence fait partie des vérifications personnelles du juge (articles 1279 et suivants du Code de procédure civile). Elle se nomme "" descente sur les lieux "" ou encore "" transport sur les lieux""";http://www.juritravail.com/lexique/Constat.html;Le policier a immédiatement ramené le suspect au commissariat et a prévenu ses collègues de Seraing. Le parquet a ensuite été prévenu et a organisé une descente sur les lieux du drame. ;http://www.dhnet.be/actu/monde/eric-castellano-a-frappe-a-mort-son-fils-de-6-mois-il-a-ete-place-sous-mandat-d-arret-586ffcefcd70717f88ea892c;;;
descente sur les lieux;https://youtu.be/p0yWgftVyzQ;SFB;Langue des signes francophone de Belgique;Juridique;droit civil;"En matière civile, tout magistrat a la possibilité, soit de commettre un agent public pour effectuer un constat (document rédigé par un agent public dont c'est la compétence, par exemple, par un huissier ou par un expert en vue de l'établissement de la réalité d'un fait matériel), soit de l'effectuer lui même. Dans ce dernier cas, une telle diligence fait partie des vérifications personnelles du juge (articles 1279 et suivants du Code de procédure civile). Elle se nomme "" descente sur les lieux "" ou encore "" transport sur les lieux""";https://youtu.be/V4TKeSQNVPI;Le policier a immédiatement ramené le suspect au commissariat et a prévenu ses collègues de Seraing. Le parquet a ensuite été prévenu et a organisé une descente sur les lieux du drame. ;https://youtu.be/XTvrMfZDvX8;;;
détention préventive;;FRA;Français;Juridique;droit pénal;mesure de privation de liberté excédant 24 heures, décidée par un juge d’instruction à l’égard d’une personne présumée innocente mais contre laquelle il existe des indices sérieux qu’elle aurait commis une infraction punie d’une peine d’emprisonnement de plus d’un an. ;http://www.justice-en-ligne.be/article121.html;La chambre des mises en accusation de Bruxelles a prolongé lundi la détention préventive d'Ibrahim Abrini, le frère de Mohamed Abrini, de deux mois supplémentaires. ;http://www.7sur7.be/7s7/fr/1502/Belgique/article/detail/3068607/2017/01/31/La-detention-d-Ibrahim-Abrini-prolongee-de-deux-mois.dhtml;;;
détention préventive;https://youtu.be/jXex3FWFOYc;SFB;Langue des signes francophone de Belgique;Juridique;droit pénal;mesure de privation de liberté excédant 24 heures, décidée par un juge d’instruction à l’égard d’une personne présumée innocente mais contre laquelle il existe des indices sérieux qu’elle aurait commis une infraction punie d’une peine d’emprisonnement de plus d’un an. ;https://youtu.be/U4L-REnaoJU;La chambre des mises en accusation de Bruxelles a prolongé lundi la détention préventive d'Ibrahim Abrini, le frère de Mohamed Abrini, de deux mois supplémentaires. ;https://youtu.be/dMzMxae6Wgw$;;;
grosse;;FRA;Français;Juridique;droit civil;"copie d'une décision de justice ou d'un acte notarié comportant la formule exécutoire. Elle est apposée par le Greffier de la juridiction qui a rendu la décision ou par le notaire qui a dressé l'acte contenant une reconnaissance de dette. Le nom de ""grosse"" proviendrait de ce qu'à l'époque où les documents de justice étaient rédigés avec une plume d'oie, les commis des Greffiers et des Notaires étaient payés au rôle, de sorte que leur rémunération étaient d'autant plus élevée que la copie était longue. Ils avaient donc tout intérêt à écrire en grosses lettres.";http://www.juritravail.com/lexique/Grosse.html;Assit Development a pu se procurer la grosse de l'arrêté de la cour de cassation dès le 28 juin.;http://www.newsmada.com/2017/07/11/aberrations-judiciaires-saisies-a-tout-prix-contre-ambatovy;;;
grosse;https://youtu.be/knCaQgCYJHc;SFB;Langue des signes francophone de Belgique;Juridique;droit civil;"copie d'une décision de justice ou d'un acte notarié comportant la formule exécutoire. Elle est apposée par le Greffier de la juridiction qui a rendu la décision ou par le notaire qui a dressé l'acte contenant une reconnaissance de dette. Le nom de ""grosse"" proviendrait de ce qu'à l'époque où les documents de justice étaient rédigés avec une plume d'oie, les commis des Greffiers et des Notaires étaient payés au rôle, de sorte que leur rémunération étaient d'autant plus élevée que la copie était longue. Ils avaient donc tout intérêt à écrire en grosses lettres.";https://youtu.be/jaxPMlBA-p0;Assit Development a pu se procurer la grosse de l'arrêté de la cour de cassation dès le 28 juin.;https://youtu.be/A0lx4Zd7rug;;;
huissier de justice;;FRA;Français;Juridique;droit judiciaire;"officier ministériel qui est titulaire d'un office rattaché à l'administration de la justice.  Il détient donc une charge qui lui donne le droit d'exercer exclusivement des fonctions indépendantes, grâce à une investiture qui lui a été donnée par l'autorité publique. Il est aussi un officier public car il a le pouvoir de constater par des écrits authentiques l'accomplissement de formalités qui sont indispensables pour le bon fonctionnement de l'administration de la Justice.  Son statut d'auxiliaire de la Justice lui confère certaines prérogatives : il peut ainsi requérir l'intervention de la police et/ou d'un serrurier, par exemple.   L'huissier de justice peut accomplir les actes suivants :      faire un constat (exemples : un état des lieux, un inventaire de biens ...),  rédiger un acte (exemple : une citation à comparaître devant un tribunal dans le but de récupérer une créance), signifier un acte, c'est-à-dire porter un acte officiellement à la connaissance d'une autre personne (exemples : signifier une citation à comparaître devant un juge ; remettre une décision de justice), poursuivre l'exécution forcée d'un jugement (saisie)";Http://www.avocats-legalex-namur.be/acteurs-justice/huissier-justice.html;Mercredi matin, un quadragénaire a sauté du balcon de son appartement situé au 4e étage d’un immeuble de la rue Jean-Jaurès à Floirac pour échapper à un huissier de justice venu lui signifier une mesure d’expulsion.;http://www.sudouest.fr/2017/06/23/-3556310-4583.php;;;
huissier de justice;https://youtu.be/z31qIN7QqNE;SFB;Langue des signes francophone de Belgique;Juridique;droit judiciaire;"officier ministériel qui est titulaire d'un office rattaché à l'administration de la justice.  Il détient donc une charge qui lui donne le droit d'exercer exclusivement des fonctions indépendantes, grâce à une investiture qui lui a été donnée par l'autorité publique. Il est aussi un officier public car il a le pouvoir de constater par des écrits authentiques l'accomplissement de formalités qui sont indispensables pour le bon fonctionnement de l'administration de la Justice.  Son statut d'auxiliaire de la Justice lui confère certaines prérogatives : il peut ainsi requérir l'intervention de la police et/ou d'un serrurier, par exemple.   L'huissier de justice peut accomplir les actes suivants :      faire un constat (exemples : un état des lieux, un inventaire de biens ...),  rédiger un acte (exemple : une citation à comparaître devant un tribunal dans le but de récupérer une créance), signifier un acte, c'est-à-dire porter un acte officiellement à la connaissance d'une autre personne (exemples : signifier une citation à comparaître devant un juge ; remettre une décision de justice), poursuivre l'exécution forcée d'un jugement (saisie)";https://youtu.be/YtQddAbUjAI;Mercredi matin, un quadragénaire a sauté du balcon de son appartement situé au 4e étage d’un immeuble de la rue Jean-Jaurès à Floirac pour échapper à un huissier de justice venu lui signifier une mesure d’expulsion.;https://youtu.be/AEpY0e__zs8;;;
mandat d'arrêt;;FRA;Français;Juridique;droit pénal;acte par lequel un juge d'instruction prive de liberté un individu pendant le déroulement de l'enquête qui le concerne, après l'avoir inculpé. L'inculpé est évidemment présumé innocent jusqu'au prononcé du jugement portant sur les faits suspectés.;http://www.justice-en-ligne.be/article154.html;Un homme a été placé sous mandat d'arrêt samedi pour un vol dans une habitation de la région namuroise vendredi après-midi, a indiqué le parquet de Namur. ;http://www.lavenir.net/cnt/dmf20170701_01025998/un-homme-a-ete-place-sous-mandat-d-arret-pour-un-vol-dans-une-habitation-namuroise;;;
mandat d'arrêt;https://youtu.be/7JacEFz-xOg;SFB;Langue des signes francophone de Belgique;Juridique;droit pénal;acte par lequel un juge d'instruction prive de liberté un individu pendant le déroulement de l'enquête qui le concerne, après l'avoir inculpé. L'inculpé est évidemment présumé innocent jusqu'au prononcé du jugement portant sur les faits suspectés.;https://youtu.be/k8_V2xNxoss;Un homme a été placé sous mandat d'arrêt samedi pour un vol dans une habitation de la région namuroise vendredi après-midi, a indiqué le parquet de Namur. ;https://youtu.be/2GVNR_3IR4U;;;
règlement européen;;FRA;Français;Juridique;droit international;acte juridique défini à l’article 288 du traité sur le fonctionnement de l’Union européenne (TFUE). Il revêt une portée générale, est obligatoire dans tous ses éléments et est directement applicable dans tous les pays de l’Union européenne (UE). Le règlement donne l'objectif à atteindre et fixe également les moyens d'y arriver (contrairement à la directive qui laisse à chaque état le choix sur la manière d'atteindre cet objectif).  ;http://eur-lex.europa.eu/legal-content/FR/TXT/?uri=uriserv%3Al14522;La révision du règlement européen sur l’agriculture biologique a fait l’objet d’un compromis conclu a minima, le 28 juin, entre le Parlement et le Conseil. ;https://www.euractiv.fr/section/agriculture-alimentation/news/accord-final-sur-le-reglement-europeen-de-lagriculture-biologique/;;;
règlement européen;https://youtu.be/oeV9X4QPSzY;SFB;Langue des signes francophone de Belgique;Juridique;droit international;acte juridique défini à l’article 288 du traité sur le fonctionnement de l’Union européenne (TFUE). Il revêt une portée générale, est obligatoire dans tous ses éléments et est directement applicable dans tous les pays de l’Union européenne (UE). Le règlement donne l'objectif à atteindre et fixe également les moyens d'y arriver (contrairement à la directive qui laisse à chaque état le choix sur la manière d'atteindre cet objectif).  ;https://youtu.be/0eQdld_-_EY;La révision du règlement européen sur l’agriculture biologique a fait l’objet d’un compromis conclu a minima, le 28 juin, entre le Parlement et le Conseil. ;https://youtu.be/v_MIvpSxGtk;;;
tribunal de première instance;;FRA;Français;Juridique;droit judiciaire;"juridiction où les particuliers ont le plus de chances de se trouver s’ils ont un litige à faire trancher en justice. C’est en effet ce tribunal qui est généralement compétent pour la plupart des conflits portés en justice. Si la loi ne désigne aucune juridiction spécialement compétente, ce sera ce tribunal qui le sera  ; dans certains cas, sa compétence est même concurrente par rapport à celle d’autres juridictions. Il juge généralement «  en premier ressort  », c’est-à-dire pour la première fois.  Le tribunal de première instance siège également en degré d’appel des décisions du tribunal de police et du juge de Paix. Le tribunal de première instance se compose d’une section civile (tribunal civil), d’une section correctionnelle (tribunal correctionnel, pour les affaires pénales) et d’une section de la jeunesse (tribunal de la jeunesse). ";http://www.justice-en-ligne.be/article56.html;L'Antwerp a décidé d'aller en appel contre la décision du tribunal de première instance qui demande au club anversois de payer cinq millions d'euros à son ancien président Eddy Wauters. ;https://www.rtbf.be/sport/football/belgique/d2/detail_l-antwerp-doit-payer-5-millions-d-euros-a-son-ancien-president-eddy-wauters?id=9520901;;;
tribunal de première instance;https://youtu.be/HioeFe2w0qo;SFB;Langue des signes francophone de Belgique;Juridique;droit judiciaire;"juridiction où les particuliers ont le plus de chances de se trouver s’ils ont un litige à faire trancher en justice. C’est en effet ce tribunal qui est généralement compétent pour la plupart des conflits portés en justice. Si la loi ne désigne aucune juridiction spécialement compétente, ce sera ce tribunal qui le sera  ; dans certains cas, sa compétence est même concurrente par rapport à celle d’autres juridictions. Il juge généralement «  en premier ressort  », c’est-à-dire pour la première fois.  Le tribunal de première instance siège également en degré d’appel des décisions du tribunal de police et du juge de Paix. Le tribunal de première instance se compose d’une section civile (tribunal civil), d’une section correctionnelle (tribunal correctionnel, pour les affaires pénales) et d’une section de la jeunesse (tribunal de la jeunesse). ";https://youtu.be/UUw1jqDeiRY;L'Antwerp a décidé d'aller en appel contre la décision du tribunal de première instance qui demande au club anversois de payer cinq millions d'euros à son ancien président Eddy Wauters. ;https://youtu.be/aTMdbrbDQPo;;;
